<ImportExportXml version="7.0.0001.0247" SolutionPackageVersion="7.0" languagecode="1033" generatedBy="CrmLive" xmlns:xsi="http://www.w3.org/2001/XMLSchema-instance">
  <SolutionManifest>
    <UniqueName>Report</UniqueName>
    <LocalizedNames>
      <LocalizedName description="Report" languagecode="1033" />
    </LocalizedNames>
    <Descriptions />
    <Version>1.0.0.0</Version>
    <Managed>0</Managed>
    <Publisher>
      <UniqueName>DefaultPublisherpermobil</UniqueName>
      <LocalizedNames>
        <LocalizedName description="Permobil" languagecode="1033" />
      </LocalizedNames>
      <Descriptions>
        <Description description="Default publisher for this organization" languagecode="1033" />
      </Descriptions>
      <EMailAddress xsi:nil="true"></EMailAddress>
      <SupportingWebsiteUrl xsi:nil="true"></SupportingWebsiteUrl>
      <CustomizationPrefix>permobil</CustomizationPrefix>
      <CustomizationOptionValuePrefix>41536</CustomizationOptionValuePrefix>
      <Addresses>
        <Address>
          <AddressNumber>1</AddressNumber>
          <AddressTypeCode xsi:nil="true"></AddressTypeCode>
          <City xsi:nil="true"></City>
          <County xsi:nil="true"></County>
          <Country xsi:nil="true"></Country>
          <Fax xsi:nil="true"></Fax>
          <FreightTermsCode xsi:nil="true"></FreightTermsCode>
          <ImportSequenceNumber xsi:nil="true"></ImportSequenceNumber>
          <Latitude xsi:nil="true"></Latitude>
          <Line1 xsi:nil="true"></Line1>
          <Line2 xsi:nil="true"></Line2>
          <Line3 xsi:nil="true"></Line3>
          <Longitude xsi:nil="true"></Longitude>
          <Name xsi:nil="true"></Name>
          <PostalCode xsi:nil="true"></PostalCode>
          <PostOfficeBox xsi:nil="true"></PostOfficeBox>
          <PrimaryContactName xsi:nil="true"></PrimaryContactName>
          <ShippingMethodCode xsi:nil="true"></ShippingMethodCode>
          <StateOrProvince xsi:nil="true"></StateOrProvince>
          <Telephone1 xsi:nil="true"></Telephone1>
          <Telephone2 xsi:nil="true"></Telephone2>
          <Telephone3 xsi:nil="true"></Telephone3>
          <TimeZoneRuleVersionNumber xsi:nil="true"></TimeZoneRuleVersionNumber>
          <UPSZone xsi:nil="true"></UPSZone>
          <UTCOffset xsi:nil="true"></UTCOffset>
          <UTCConversionTimeZoneCode xsi:nil="true"></UTCConversionTimeZoneCode>
        </Address>
        <Address>
          <AddressNumber>2</AddressNumber>
          <AddressTypeCode xsi:nil="true"></AddressTypeCode>
          <City xsi:nil="true"></City>
          <County xsi:nil="true"></County>
          <Country xsi:nil="true"></Country>
          <Fax xsi:nil="true"></Fax>
          <FreightTermsCode xsi:nil="true"></FreightTermsCode>
          <ImportSequenceNumber xsi:nil="true"></ImportSequenceNumber>
          <Latitude xsi:nil="true"></Latitude>
          <Line1 xsi:nil="true"></Line1>
          <Line2 xsi:nil="true"></Line2>
          <Line3 xsi:nil="true"></Line3>
          <Longitude xsi:nil="true"></Longitude>
          <Name xsi:nil="true"></Name>
          <PostalCode xsi:nil="true"></PostalCode>
          <PostOfficeBox xsi:nil="true"></PostOfficeBox>
          <PrimaryContactName xsi:nil="true"></PrimaryContactName>
          <ShippingMethodCode xsi:nil="true"></ShippingMethodCode>
          <StateOrProvince xsi:nil="true"></StateOrProvince>
          <Telephone1 xsi:nil="true"></Telephone1>
          <Telephone2 xsi:nil="true"></Telephone2>
          <Telephone3 xsi:nil="true"></Telephone3>
          <TimeZoneRuleVersionNumber xsi:nil="true"></TimeZoneRuleVersionNumber>
          <UPSZone xsi:nil="true"></UPSZone>
          <UTCOffset xsi:nil="true"></UTCOffset>
          <UTCConversionTimeZoneCode xsi:nil="true"></UTCConversionTimeZoneCode>
        </Address>
      </Addresses>
    </Publisher>
    <RootComponents>
      <RootComponent type="1" schemaName="goal" />
      <RootComponent type="31" id="{281428b4-9250-e511-812b-c4346bad6280}" />
      <RootComponent type="31" id="{663fc481-22fe-e411-8101-c4346bad0060}" />
      <RootComponent type="31" id="{8e52f611-e14f-e511-812f-c4346bacbc18}" />
      <RootComponent type="31" id="{acb71784-4326-e511-8116-c4346bad0060}" />
      <RootComponent type="60" id="{47cebd9d-0635-e511-8113-fc15b4263e1c}" />
      <RootComponent type="60" id="{4d7f095a-e44f-e511-812f-c4346bacbc18}" />
      <RootComponent type="60" id="{81ff734c-4726-e511-8116-c4346bad0060}" />
      <RootComponent type="60" id="{8a14322a-9450-e511-812b-c4346bad6280}" />
      <RootComponent type="60" id="{c876ffec-0935-e511-8113-fc15b4263e1c}" />
      <RootComponent type="61" schemaName="permobil_fittingsgoalReport.html" />
    </RootComponents>
    <MissingDependencies>
      <MissingDependency>
        <Required key="0" type="2" schemaName="permobil_type" displayName="Type" parentSchemaName="appointment" parentDisplayName="Appointment" solution="Active" />
        <Dependent key="1" type="31" displayName="Appointments" id="{8e52f611-e14f-e511-812f-c4346bacbc18}" />
      </MissingDependency>
      <MissingDependency>
        <Required key="2" type="2" schemaName="ownerid" displayName="Owner" parentSchemaName="permobil_order" parentDisplayName="Permobil Order" solution="Active" />
        <Dependent key="3" type="31" displayName="Permobil Orders Status Report" id="{663fc481-22fe-e411-8101-c4346bad0060}" />
      </MissingDependency>
      <MissingDependency>
        <Required key="4" type="2" schemaName="permobil_effectivefrom" displayName="Orderdate" parentSchemaName="permobil_order" parentDisplayName="Permobil Order" solution="Active" />
        <Dependent key="3" type="31" displayName="Permobil Orders Status Report" id="{663fc481-22fe-e411-8101-c4346bad0060}" />
      </MissingDependency>
      <MissingDependency>
        <Required key="5" type="2" schemaName="permobil_orderid" displayName="Order" parentSchemaName="permobil_order" parentDisplayName="Permobil Order" solution="Active" />
        <Dependent key="3" type="31" displayName="Permobil Orders Status Report" id="{663fc481-22fe-e411-8101-c4346bad0060}" />
      </MissingDependency>
      <MissingDependency>
        <Required key="6" type="9" schemaName="reportcategory_categorycode" displayName="Category" solution="System" />
        <Dependent key="7" type="31" displayName="Permobil Fittings Goal" id="{acb71784-4326-e511-8116-c4346bad0060}" />
      </MissingDependency>
      <MissingDependency>
        <Required key="6" type="9" schemaName="reportcategory_categorycode" displayName="Category" solution="System" />
        <Dependent key="3" type="31" displayName="Permobil Orders Status Report" id="{663fc481-22fe-e411-8101-c4346bad0060}" />
      </MissingDependency>
      <MissingDependency>
        <Required key="6" type="9" schemaName="reportcategory_categorycode" displayName="Category" solution="System" />
        <Dependent key="3" type="31" displayName="Permobil Orders Status Report" id="{663fc481-22fe-e411-8101-c4346bad0060}" />
      </MissingDependency>
    </MissingDependencies>
  </SolutionManifest>
</ImportExportXml>