<ImportExportXml xmlns:xsi="http://www.w3.org/2001/XMLSchema-instance">
  <Entities></Entities>
  <Roles></Roles>
  <Workflows></Workflows>
  <FieldSecurityProfiles></FieldSecurityProfiles>
  <Templates />
  <EntityMaps />
  <EntityRelationships />
  <OrganizationSettings />
  <optionsets />
  <Reports>
    <ReportSignatureIdMappings>
      <ReportSignatureIdMapping reportid="{acb71784-4326-e511-8116-c4346bad0060}" signatureid="{00000000-0000-0000-0000-000000000000}" signaturelcid="0" />
    </ReportSignatureIdMappings>
    <Report>
      <name>Permobil Fittings Goal</name>
      <iscustomreport>0</iscustomreport>
      <filename>NO_Fittings.rdl</filename>
      <languagecode>1033</languagecode>
      <reportid>{acb71784-4326-e511-8116-c4346bad0060}</reportid>
      <reporttypecode>1</reporttypecode>
      <IntroducedVersion>1.0.0.0</IntroducedVersion>
      <createdinmajorversion>7</createdinmajorversion>
      <iscustomizable>1</iscustomizable>
      <ExportedFileName>/Reports/NO_Fittingsrdlacb71784-4326-e511-8116-c4346bad0060</ExportedFileName>
      <ReportCategories>
        <ReportCategory name="Sales Reports">1</ReportCategory>
      </ReportCategories>
      <ReportVisibilities>
        <ReportVisbility>1</ReportVisbility>
      </ReportVisibilities>
      <ReportEntities />
    </Report>
  </Reports>
  <Dashboards>
    <Dashboard>
      <LocalizedNames>
        <LocalizedName description="NO - Sales Performance Dashboard" languagecode="1033" />
      </LocalizedNames>
      <FormId>{81ff734c-4726-e511-8116-c4346bad0060}</FormId>
      <IsCustomizable>1</IsCustomizable>
      <IsDefault>0</IsDefault>
      <FormXml>
        <forms type="dashboard">
          <form>
            <tabs>
              <tab showlabel="false" verticallayout="true" id="{62a9a4bc-c808-4725-b1f3-d526aa57ba25}">
                <labels>
                  <label description="Tab" languagecode="1033" />
                </labels>
                <columns>
                  <column width="100%">
                    <sections>
                      <section showlabel="false" showbar="false" columns="1111" id="{81747343-d073-4465-94b5-54aa0376bbc8}">
                        <labels>
                          <label description="Section" languagecode="1033" />
                        </labels>
                        <rows>
                          <row>
                            <cell colspan="4" rowspan="18" showlabel="false" id="{c357d4e1-7814-4213-82e8-30273efd1803}">
                              <labels>
                                <label description="NO. Fittings Goal" languagecode="1033" />
                              </labels>
                              <control id="WebResource_Component96dc3d4" classid="{9FDF5F91-88B1-47f4-AD53-C11EFC01A01D}">
                                <parameters>
                                  <Url>permobil_fittingsgoalReport.html</Url>
                                  <PassParameters>true</PassParameters>
                                  <ShowOnMobileClient>false</ShowOnMobileClient>
                                  <Security>false</Security>
                                  <Scrolling>auto</Scrolling>
                                  <Border>true</Border>
                                  <WebResourceId>{BA1E830D-3A3F-E511-811E-FC15B4263E1C}</WebResourceId>
                                </parameters>
                              </control>
                            </cell>
                          </row>
                          <row />
                          <row />
                          <row />
                          <row />
                          <row />
                          <row />
                          <row />
                          <row />
                          <row />
                          <row />
                          <row />
                          <row />
                          <row />
                          <row />
                          <row />
                          <row />
                          <row />
                        </rows>
                      </section>
                    </sections>
                  </column>
                </columns>
              </tab>
            </tabs>
          </form>
        </forms>
      </FormXml>
      <IntroducedVersion>1.0.0.0</IntroducedVersion>
      <IsTabletEnabled>0</IsTabletEnabled>
    </Dashboard>
  </Dashboards>
  <WebResources>
    <WebResource>
      <WebResourceId>{ba1e830d-3a3f-e511-811e-fc15b4263e1c}</WebResourceId>
      <Name>permobil_fittingsgoalReport.html</Name>
      <DisplayName>permobil_fittingsgoalReport.html</DisplayName>
      <LanguageCode>1033</LanguageCode>
      <WebResourceType>1</WebResourceType>
      <IntroducedVersion>1.0.0.0</IntroducedVersion>
      <IsEnabledForMobileClient>0</IsEnabledForMobileClient>
      <IsCustomizable>1</IsCustomizable>
      <CanBeDeleted>1</CanBeDeleted>
      <IsHidden>0</IsHidden>
      <FileName>/WebResources/permobil_fittingsgoalReporthtmlBA1E830D-3A3F-E511-811E-FC15B4263E1C</FileName>
    </WebResource>
  </WebResources>
  <Languages>
    <Language>1033</Language>
    <Language>1036</Language>
    <Language>1031</Language>
    <Language>2052</Language>
  </Languages>
</ImportExportXml>